class,tweet
1,"#porn,#android,#iphone,#ipad,#sex,#xxx, | #Japanese | Pretty young Japanese girl&#8217;s hot cunt fucked &amp; c | http://t.co/wt5SSOF9rW"
1,"""@savage_twotone: Next year bitches is gonna be like you gotta promise you won't expose me &#128514;&#128514;&#128557;"""
1,"""@2015seniorprobs: I probably wouldn&#8217;t mind school as much if we didn&#8217;t have to deal with bitch ass teachers"". Retweet"
1,"""@fatboyswagg347: they BAN dat pussy for life &amp; he gotta pay 2.5 millon dollar fine"""
0,#WestVirginia is full of white trash.
1,#BitchSlapThursdays 2NITE PURE PASSION DOORS OPEN @ 10.... But we watching the game in that bitch too&#8230; http://t.co/IggoHWEwfh
1,"""@HeartlessFuck: Glad I'm getting outta Atlanta. Nothing but a bunch of niggas in &amp; outta jail &amp; dumb bitches with mad kids fuckin em."""
0,#California is full of white trash who moved from #Oklahoma
1,#FreeElChapo is trending?! why cus French Montana's bitch ass?? you fucks that think selling drugs is cool are the LAMEST POSERS!!
2,#Yankees got beaten by a thug
2,"#IU should make me an honorary student, id be way cooler than the other international students. i have my own football card! #hoosiers"
1,""" hoe what its hitting for """
1,"""Let's do nips ahoy and spank me maybe"""
1,"""@_simplycaitlin: why do my friends hate me"" because you a ratchet hoe.."
2,"""@RamBoutIt: &#8220;@Master11_: @20ToLife_ @RamBoutIt hoes Austin&#8221; teach us Austin.""I teach u how to get curved? That's all I know"
0,"&#128514;&#128514;&#128514; i just said that RT @BoyThats_ARYAH: My TL gotta chill with this pretty face challenge foolishness, y'all hoes agg"
1,"#anywere &#8220;@TheCooleyShow: LA = palm trees and great weather 
826,1,#bad #ass #local #bitches
827,1,#boom bitches
828,1,#bslfe in this bitch #PullUp 40st and Washington space A-80 http://t.co/H2HV64h9wh
829,1,#creamteam leaving hoes w #cockbreath
830,2,#drunk #trash #trashed #wasted @ The Draught Horse http://t.co/UvWkhpEswh
831,1,#faggots KILLED #jesuschrist&gt; HELLO!!!!!!!!!!!!!!!!!!!!!!!!! But whatever. Go ahead. #gaymarriage yourself into #Pharaoh's pockets&gt;
832,0,#faggots are MERELY a #scientific indicator that SOMETHING IS WRONG&gt; Do not celebrate as """"unique indiviuals"""" for they are #cancer&gt;"""
2,"""They have to. That division is trash @NoMeek_JustMilz: Saints gon win the NFC South...watch"""
2,"""@rugbysocklad: Fit lads! Nice gear! http://t.co/ThnXX1lC1M"" these scally lads n trainers would get it"
0,"""Hey go look at that video of the man that found the kidnapped girls in Ohio........what a nigger"" - #shitmybosssays"
1,#realtalk if you a hoe an try to get serious with someone don't expect to be anything more then a piece of meat to them
1,"""@BrokenPiecesmsc: @ItsNotAdam faggot read my tweets after dat k"" it wasn't even funny lol"
1,"""I'll beat on that pussy so hard"""
1,#2013TaughtMe how pussy feels &#128514;&#128076;
0,#California is full of white trash
1,"""you're being a cunt right now"" -@RQ978"
1,"""You look cute today :)"".. ""Really?!"" Helll no, swerve hoe!"
1,"""@LifeAsBros: Charlie Sheen is too real http://t.co/gGGdK3kOV7"" major fucking respect for Charlie Sheen."
1,"""@roLLYuP23: No text back? I don't give a fuck, I'll text another bitch"" damn someone is hurt lol"
1,"#IStandWithRand Wise up RINO pussies, real leaders like Rand, Cruz, Lee, Bachmann etc. actually exist. Fight or go home. #TeaParty"
0,"#RebelScience ......is using an ACTUAL WOMAN as a genetic engineering lab for ""all natural clones""..... or something...... #faggot #rome"
1,#IDontHaveTimeFor Ratchet hoes.
0,"""ayo i even kill handicapped and crippled bitches/look at my scalp real close and you'll see triple sixes"""
1,"""On top of that, she just a pregnant ass sorry hoe. Aint never got no money. Even her water broke."" - @TallTrappin88 #RIPTALLT"
1,"""@molssyo: One of us is on drugs, and its me but you're still wrong &#128514; @currieburry"" hahahahahahah im a bitch sometimes (:"
1,"""Used to have a girlfriend, now all I got is hoes.. I was lookin for a good girl, but she was fuckin on the low."""
2,"#Yankees Primo! Just got home and the Tanks are on MLB. Finally! And they are winning! Even better. Time to get serious, Sept call up time"
0,"""Don't worry about the nigga you see, worry about the nigga you DON'T see... Dat's da nigga fuckin yo bitch."""
1,"""@_prettyflvck0: Me And Paul Thinkin Bout Gettin Rentals For Da Weekend &#128665;&#128168;&#128168;""oooh shit bitches betta stay out da streets"
1,"&#128114;&#128069;&#128166;&#128149; - &#128514;&#128557; omg just thinccin of you makes me laugh, we use to STAY talking shit in 3rd period, you cute, &amp; you my bitch &#9994;&#128514;&#128557;"
1,"""Girls that I dated, its okay I ain't mad yo, unless you stabbed me in the heart, no love hoe"""
2,"""@Addicted2Guys: -SimplyAddictedToGuys http://t.co/1jL4hi8ZMF"" woof woof hot scally lad"
1,"#porn,#android,#iphone,#ipad,#sex,#xxx, | #Japanese | Young Japanese girl&#8217;s hairy cunt creampied http://t.co/rg3PObaKKD"
1,"""@NewsomeJade: I ain't never seen a bitch so obsessed with they nigga&#128514;"" I'm obsessed with mine &#128529;"
1,"""@maybe6789: Now u got what u want bitch ! Enjoy it http://t.co/gLQzwtGMj9"" now this is a crazy party I would love to attend."
1,"""@TayKnosBest: These hoes is crazy"""
1,""" post a picture of that pussy get 200 likes """
1,"""@Shun_stokes: My cousin said he share hoes with his brothers. He said sharing is caring and he love his brothers &#128514;"""
1,"#porn,#android,#iphone,#ipad,#sex,#xxx, | #HomeMade | Using my submissive bitch outdoor. Home made amateur http://t.co/Fu6AggzHQd"
1,"""Takin it straight to dirt, why finger the pussy when I know I can put my dick in it?"" @xErnee18"
0,"#VinitaHegwood can get a job at the naacp. Or as The AG. I hear they like ""diversity and tolerance"". As long as you ain't a cracker #tcot"
1,#morningjoe prove him wrong righties! Liberals use facts cons use emotions to make decisions. Facts be damned should be the teabagger motto
1,#honestyhour we don't love these hoes
1,""" it aint nothing to cut a bitch off """
1,"""@GagaTom1: &#8220;@MaleFoot: 3 | Amo los pies http://t.co/4QE1hDkK8i&#8221;"" fuck yeah"
2,"""@TEE_JONEZ: @16stanleys @KingCuh tuku ho idk blah blah blah"" &#128514;&#128514;&#128514;"
1,"""@Tmacc_GFG: &#8220;@tizzimarie: No slushes &#128549;&#8221;hoes nasty anyway fam""&#128564;"
1,"""@Itsyesie: #oomf is soooo cute. But he probably has hoes on him a lot."""
1,"""Her great grandmas a hoe,her grandmas a hoe,her moms and a hoe, and she's a hoe! It's a long line of hoes!"" -Grandpa Carl everyone"
1,"#YesWeDid .......start building #windturbines SO FUCKIN"" BIG they can kill a whole flock of birds in one go&gt;"
1,"""you fucking pussy you couldn't even beat your dick."" - Angry Youtube Comment"
0,#SomethingIGetAlot Are you... asian? black? Hawaiian? gay? retarded? drunk?
1,"#porn,#android,#iphone,#ipad,#sex,#xxx, | #CloseUp | Squirting pussy and fingered asshole http://t.co/bKYeoUwWv2"
1,"""@Gizzy_Jones94: If she kiss u with her eyes open watch that bitch!""lmfao"
1,""" So hoes that smoke are losers ? "" yea ... go on IG"
1,"""@LODYCASH: dry pussy bitches always blame it on the condom&#128514;""&#128079;&#128514;&#128079;&#128514;"
1,"""@Almightywayne__: @JetsAndASwisher @Gook____ bitch fuck u http://t.co/pXmGA68NC1"" maybe you'll get better. Just http://t.co/TPreVwfq0S"
2,&#128514;&#128514; mike calls me t-bird @mikemastroccco
1,#TjohnGang&#128520; lil bitch follow me ! http://t.co/sd8UhT4DNY
1,"""No boats and hoes please thanks"" - Mom"
1,&#128514;&#128514;&#128514; burnt pussy lips
1,"#porn,#android,#iphone,#ipad,#sex,#xxx, | #OldYoung | Old bitch pleases hot-looking young stud http://t.co/aIDKdmztLn"
1,"""@CeleyNichole: @white_thunduh how come you never bring me food"" i dont have a car retard"
1,&#128514;&#128514;&#128514;&#128514; bitch if you're the hobbit you need to let me know right now &#128514;&#128514;&#128514;&#128514;&#128079;&#128079;&#128079;
1,"""@HoskinsTy96: White boy power bitch"" black power bitch"
1,"""@BeenBasedB: @_KudaBrazyy http://t.co/LuUBGL9Y5u"" 0 rings 0 mvps 0 bitches lol"
2,#Yankees #Jeter Let him play the entire inning. That's fitting.
1,"""@Poffalicious: Andrewbryant: Poff has double vision after 2 beers
214,1,""@Poobie_: When bitches TWERK on the computer...."
1,"""@splurgb_: Nothin in life is free.. Some of you bitches need to write that on ya panties""&#128557;&#128514;"
1,"""@Girllssues: I wanna have sex with my mom fuck her right in that pussy where I came from"" damn you got hacked like fuck"
2,"""@g0rillaz0e: Sitting on my window sill, window open, bird tries to fly in. Smacked it. #ProtectTheAnimals"" @peta"
1,"""@iDntWearCondoms: Watch women try to argue with me like they have a dick and actually fucked some pussy before"" I hate when bitches do that"
1,"""@TheoMaxximus: Chrus still supahot tho"" *walks up to teacher with test, drops test in that bitch fohead* http://t.co/nb5VgdssgI"
2,"""OVO"" &#8220;@Allthingsfresh3: &amp; kendrick lamar still trash&#8221;"
1,"""Have you seen my shows? Have you seen my hoes? If I wasn't hot would they be so thick?"""
1,!!!!! RT @mleew17: boy dats cold...tyga dwn bad for cuffin dat hoe in the 1st place!!
2,"""You hit no lights, no line for toco bell at 2 in he morning, and Diana's back in her house. It's a miracle"" - Charlie @dianaaaxo"
1,""" fuck no that bitch dont even suck dick "" &#128514;&#128514;&#128514; the Kermit videos bout to fuck IG up"
2,"#Yankees 3, #Astros 0: McCarthy outduels Keuchel in series finale http://t.co/hIJJAUKtJN"
1,"""She said wigga man you rich...take the du-rag off"" http://t.co/jb7J3zSbam"
1,"""@Montrell_: I'm tired of bitches saying I look mean.. &#128530;"" nigga you big af, wear tight shirts, and grim everybody."
2,"#HolySpirit Joshua 1:3 Every place that the sole of your foot shall tread upon, that have I given unto you, as I said unto Moses."
1,"""If you're a bad bitch put your hands up high"" 
507,1,""Imma tie that bitch up in the basement and donkey-fuck her ass for two weeks straight"""" hahahahahahahahaha #50centmovie #beforeiselfdestruct"""
1,"""@CarelessOne92: Leafs better win this damn game so I can go riot and shit #EarlyChristmas"" you better start looting my nig"
1,""" yall niggas b cuffing hoes cause yall aint never have bitches """
1,"""@Patsfanjoe32: @d_palomino52 I think worst advice I gave you was "" don't be a pussy and speed up"" lol"""
1,"""@WannabeKanye: whys this bitch boosting herself http://t.co/uOd2f5WtKV""

Her size isn't exactly the most healthy tho"
1,"""You ain't my bitch"" is my favorite response to long texts"
1,"""Like... correct me if I'm wrong but... Doesn't pimpin involve 'smackin bitches for money'?"""
1,"""He wanna be my nigga, but I'm just trinna be his savings account &#128553;"" &#128514;&#128557;&#128514;&#128557; omg imma funny ass bitch man, but that's Real Shit &#128175;"
1,""" broke bitch cant tell me nothing """
1,"""Facto @ShaunaSayomi: Who cares if you a hoe when your ass looks like this? http://t.co/CJdT987aqf"""
0,"""@ashlingwilde: @ItsNotAdam is bored supposed to be cute, you faggot?"" Sometimes"
1,""" like Snoop said in 94 we dont love these hoes """
1,&#128064; RT @PrettyDamAmazin: These bitches started shooting at my party. Fuck New Orleans
1,"""@analicialouise: Tevin is my favorite sophomore I think he's so funny"" Hes really not. Lmaoo hes a little hoe"
1,"#porn,#android,#iphone,#ipad,#sex,#xxx, | #Hairy | Hairy pussy http://t.co/9DOIbSkT17"
1,"""Yo mama, bitch."" RT @TheAceTJShow: What was the ONE sentence that ended your relationship?"
2,"#BlessJesus Amos 3:3 - Can two walk together, except they be agreed?"
1,"""@StellaTex: Guess what? I also have zero time for your mansplaining! Adios!"" Stfu pussy"
1,"#porn,#android,#iphone,#ipad,#sex,#xxx, | #Ebony | ebony texas bbw with big deep pussy http://t.co/dBbxsoW8M2"
2,"""@KnightfanNeal #UCFPINKPARTY come on stay alive knights nation!!!!"" This is still the early bird special. #ComeAtMeUT"
1,"""dont show me no bitch unless she look like Dolly Parton!!!"""
1,"""@TheNewSAT: #NewSATQuestions
254,1,""@TheNymphoTweets: Hickies in between her thighs right by her pussy &gt;&gt;&gt;"""" Its only right"""
1,""" you dodge a bullet "" &#128517; &#8220;@DaRealKha: ""All da bitches I cut off pregnant or bound to be ....thank God &#128591;""&#8221;"
1,"""@ortiz_jaylene: All I see is Bruno's bitch ass on my twitter now. wtf"" Bruno's all that she sees (Drake voice)"
0,"""Who the fuck you callin jiggaboo, nigga?!"""
1,"""@HBMostDope: @1Jayee @PipinHoes used to send that bitch up"""
1,"""@TweetGameLazy: I can ride your bitch with no handle bars"""
1,"""I'm feelin like Malcolm in the middle, these bitches surround me they can't miss em"""
1,#YesWeDid .....tattoo our bitches to corrupt as many men as possible to #Egypt and being a #cattle #prod #vote&gt;
1,#honeybadger bitch
0,"""My grandma used to call me a porch monkey all the time... Come to think of it she did refer to a broken bottle as a nigger knife"" &#128563;"
1,"""@Sylvieamx: #Pisces will never be anybody's bitch, they don't let people control or change them."" Rigghhht"
1,&#128175; RT @DammitHamm_: Loyal pussy .
1,"""It's allegations, were u in the bedroom? Did u see it?"" Words of a naive &amp; blind bitch. We know ur husband cheated on u. Ramona is dumb!!!"
1,"""Eat the pussy like a real nigga hungry"""
1,"""@k_eazy26: Facts what baldheaded bitch made this shit. &#128074;&#128074;&#128555;&#128530; http://t.co/fDYojpT9Xg""
355,1,""@kayreneeee_: Fuck wit us and then we tweakin hoe"""" shmurda!"""
1,&#128095;&#128095;&#128095;&#128095; got ur bitch tip toeing on my marble floors.......
1,"&#128073; RT @OeauxMar: Nigga was smashing his hoe, had his hoe paying for a condo and he still with her &#128514;&#128514;&#128514;&#128514; Yep Fucboy"
2,"""@MotherJones: 10 birds your grandkids may never see, thanks to climate change http://t.co/XqmXHkAsWt http://t.co/RbITeGRnhm"" #Climate"
2,#Yankees I went to Golds with Cruz in 2010 when he was a Sound. No upper /lower body strength.. Hmm now 40 HR hitter. Won't say the S word.
1,#OOMEF had that YEAH!!... i kno she pussy whipped that other nigga into putting a ring on it.... &#128564;&#128564;
1,"""@whoiscoreyking: Chase money &#128176; not &#128581; hoes &#128111; &#128175;&#128175;""&#58399;&#58399;&#58399;&#58399;"
1,"""@BOSSBYTCHH: Him seh me pussy wetter then a shower curtain....#ahmesehwetness""&lt;lmao!!"
1,""" young Pill Chamberlain these bitches love my music """
1,""" i met that pussy on Ocean Dr . i gave that pussy a pill "" &#128524;"
1,"""Why would I want to play with some pussy?"" - @jimmyfallon *DEAD* #SNL"
1,"""Dropped a stack cause bitch I'm ON"".
440,1,""Dumb bitches do dumb things"""""""
2,"""@QUAN1T0: 61% of welfare/government aid is claimed by white people. So y'all black slander is trash now."""
2,"""@FunnyPicsDepot: this the ""I play soccer, cheat on girls, and wear khaki coloured cargos"" haircut http://t.co/ZUai7qWBIR"" &#128514; yup"
1,"""I'm gonna piss on your dimple @SoNi99a_: Stop wasting prayers on trash teams lol"""
1,"""omg this bitch is fucking stupid I swear blah blah blah"" *a week later* omg ilysm bae ur my best friend I swear"
1,"""whatever you are, be a good one."" -Abraham Lincoln, this quote is not for yall hoes!"
1,"#porn,#android,#iphone,#ipad,#sex,#xxx, | #XXX | homemade pussy eating &#8211; http://t.co/2yuIdrLN3k http://t.co/Z8GAiWlLye"
1,"""Everything look better with a bitch next to it"""
1,"""@iCrawley: I could never have a bby by a lil dick Thts y I got a abortion by the last bitch""- oh My God"
1,&#128514;&#128514;&#128514;&#128514; RT @SMASHaVelli: Murda out here sucking bitches &#128514;&#128514;&#128514;&#128514; #howDhow?
1,&#128514;&#128514; &#8220;@mcdonavins: Of course cooder's nudes are trash. She lives in the DMV what did you expect? &#128514;&#128514;&#128514;.&#8221;
1,"""@ItsYahBoiRay: @anelylove if I don't get my dick sucked at yo party by a bad bitch I'm fr gone set it off &#128514;&#128514;&#128514;&#128514;"" *by @anelylove *"
2,#AskDems Aren't you embarrassed that Charlie Rangel remains in your caucus?
1,"""call me Keyshawn Johnson cause im catchin erry hoe"""
1,"""@_BeeDontCare My pussy still fresh"" &lt;----- something stank girls say."
1,"""@LaFlareGodJosh: Gucci Mane in jail and dropping mixtapes every month and you hoes can't even text back"""
2,#IU 8 straight nation #college soccer champions! Wow! #hoosiernation #hoosiers &#9917;&#127942;
2,#tbt my precious gook baby &#128525;&#128525;&#128525;&#128525;&#128525;&#128525; @outtapocketjuju http://t.co/2QJLJj6tK5
1,#DegenerateArtist Isn't a bitch walks back his words&gt; Isn't a WITCH who questions a TURD&gt; I'm a GLITCH WHO EVOLVES YOUR ABSURD!!!!!!!!!!!
1,#Bartending becomes a real bitch when you the #bartender are way way taller than the bar was designed for. Holy back pains.
1,#BurnNotice Fi shoots bean bag rounds at the guy - Hurts like a bitch don't they?
2,#Iraq gov troops were handed a severe defeat by #ISIS at Saqlawiya -- there's chatter of over 300 soldiers lost &amp; Jihadis raving about it
1,"""@jaimescudi_: ""@Tonybthrz_: ""@jaimescudi_: I swear if oomf try talking to me tomorrow.."" @"" @BarackObama"" pussy"
1,#RuinADessert @midnight Fairy Queen. nomg&gt; I fucked #Obama panties again...............
2,"""YAH"" has said in his word that the Mtzra'ym(egyptians) are his people and Ysrah'al is his inheritance and the Kushite(ethiopians)....."
1,"""I call him my bitch"" @MaKennaM_"
1,"""Fuck 5/0 I make my own rules. Suck my dragon balls bitch call me goku"""
2,#BlessJesusAir Matthew 6:26 Look at the birds of the air.. and yet your heavenly Father feeds them.Are you not much more valuable than they?
1,"""@marackaf: &#8220;@white_thunduh: Aye yall ima tryout for the bowling team frfr&#8221; tryouts passed tho"" no theres two more retard"
1,"""@RiahSM: #hoesaintloyal"" well they're hoes,no one expects them to be loyal"
1,"""@lildurk_: I don't trust dese hoes Nikki told 51st where I stay at all my fans screen shot ASAP"" we finna come to Chiraq and shoot sumn"
1,"#porn,#android,#iphone,#ipad,#sex,#xxx, | #Desi | Spicy Oriental Paki Brunette sucks an un http://t.co/OrP642PomF"
1,&#128073;RT @Str8_no_Chazer: Bet y'all bitches was deaf to MC Lyte's words about being treated like a queen huh
1,"""@SmeegBaby: Dese hoes be LYIN to all of us nigga"""
2,#stateoftheunion would last 15mins if they let the President talk all that standing up clapping is for the birds
2,"""Your teeth are like the stars."" ""Aww thanks!"" ""Yeah... yellow and far away from each other."""
1,"""Baby I like being on your left side"" no bitch you can't be there Cuz the street on that side and Twitter said I ain't real if you do"
1,""" i spend my money how i want bitch its my business """
1,"""@GEDMelle: 17 missed calls!!!! &#128544;&#128545;""Das yo P.O bitch twitter finna be screamn #FreeMoneyMelle"
0,"#AZmonsoon lot of rain, too bad it wasn't enough to wash away the teabagger racist white trash in the state. #Tcot #teaparty #azflooding"
1,"""no pussy, or not tryna go to the studio, don't CALL my mufuckin crib like that, god. Yo. Word up god I will BUSS YO SHIT, god, word up"""
1,"""day of judgement everybody gonna be looking at the big jumbotron watching me fuck this majjinn buu bitch"""
1,"#DUH @Transhuman_: That's because they're possibly tucking a penis ""@EmperorIra: This bitch got man boobs http://t.co/VJvXwLrJoP""&#8221;"""
1,""" i'd say im back to the old me but my old bitches would get excited "" &#128524;"
1,"""if she can suck your dick with a dip in, she's not only a keeper but a true redneck woman."" - Kim's Dad."
1,#AsAGiraffes pussy http://t.co/YaaTsF52tu
1,#CelebrityLeakedPhotos YEAH&gt; NOW YOU KNOW how it feels knowing the #NSA is on all our phones. Quit whining like #muslim #bitches.
2,#tbt when i took my likkle monkey jimmys http://t.co/LIK3xpZ6eZ
1,"""@datFullerkid: @TreVaughnLG yall both gimped up??"" Ain't tht a bitch huh lol"
1,"""@BRO_HEN314: #Eaglesnation and every #Eagles need to see that pic I just posted because that bitch just said the most racist shit"""
1,&#128514;&#128514;&#128514; &#8220;@snapbackBLAC: i seen a thot ass bitch in some high top whites&#8221;
1,"""@soxandjox: Thick raw fuck http://t.co/g8RvUHCeBN"" Damn his man pussy is getting a workout."
1,"""@ozzie_garza: @white_thunduh I'm about to cool faggot chill"" tf is cool nigga"
1,"""Eff it. Let's go after the cripple."" http://t.co/kSaMx1JPfV"
2,#inners Still hanging in. #Yankees we need this win. NFL. It's not SUNDAY!!
1,#SplashGang on you pussy n%a'z ay @Benny_Balboa i tried to tell n%a'z!!!
2,"""I'll slit your throat-neck"" http://t.co/ChFFSDeDdd"
0,"""@jgabsss: Stacey Dash won &#128166; http://t.co/PDLG46rjOL"" baddest bitch evaaaa"
1,"""But I need a bad bitch that's hotter than me"" might be the realist shit PartyNextDoor ever said. That's how I be feelin everyday"
1,"#porn,#android,#iphone,#ipad,#sex,#xxx, | #Fisting | Whipped Cream Fisting http://t.co/b4JCMCtEwq"
1,"""No bitches "" - nan"
0,"#TrayvonMartin referred to Zimmerman as a ""creepy ass cracker"". Racist thug."
1,&#128514;&#128514;&#128514;&#128514; these folks so bad. I'm just here to talk trash.
2,#WorldSeriesGame3 Hunter Pence is so annoying he should be a Red Sox player. Shave fool and take your Vyvanse&#9918;&#65039;&#9918;&#65039;&#128074;&#128074;#Yankees 2015!!
1,"""Don't you ever give my pussy away. You keep it tight, alright?"""
1,"""@ChandlerParsons: How bout them Cowboys!!!!"" Shutup pussy"
1,"#inktober #twentysix #gouache #mt snappy pappy and his bitch 3.5x2.5"" good thing sable paintbrushes&#8230; http://t.co/4gYBEI5Mkl"
1,"""Yo bitch on the horn. Tryna shoot a porn."" - @KingL That's T shirt worthy Tony"
1,"""@iAMPickUpLines: You can call me Fireman cause I turn the hoes on."""
1,#HonestyHour in middle school hoes used to call me a Mandingo warrior
1,&#128514; RT @LaShana_Sinead: Mimi too old to be covering her titties during sex&#128514;&#128514;&#128514; bitch you childish
2,"""@WBUR: A smuggler explains how he helped fighters along the ""Jihadi Highway"": http://t.co/UX4anxeAwd"""
1,"#porn,#android,#iphone,#ipad,#sex,#xxx, | #Latina | Latina mature Big pussy http://t.co/D4ICvCz1Bk"
1,"""@__sneakyb: I hate when boys deny that they have bitches &#128080;&#128553;"" smh"
0,#firefighter is a job for white trash
1,"""@RnadJorell: Bruh im tired of niggas retweetin Miley Cyrus naked that bitch aint no types of bad"" lmaooo"
1,#illNeverUnderstandWhy anyone from Jersey Shore is famous. I should go be a guido shitbag if it means money for my family.
1,"""don't let your side bitch settle in, I might have to headbutt you Evelyn"""
1,#agreed &#58399;&#58399; RT @oliviaMrose: There are a few badd ones but idk..mixxed bitches is really where its at tho
1,"""@snoleezey801: I don't ever expose females like that.. That's childish.."" bitch nigga shiiii....."
1,"#QuestionIAskMySelf why should I be slapping this hoe tuh solve something, ima leave it alone..............I never usually listen to myself"
1,"""@Frosstyy_: @h0rheyd I didn't say anything tho"" kiss me then faggot"
2,"""when rappers say twat it makes me feel weird"" &#128514;&#128514;&#128514;&#128557;"
1,"""This is for all the fans that waited, the bitch niggas that hated / Old hoes we dated, look mama, we&#8230; http://t.co/sNRY6A7VYB"
1,"""@TreLeKidd: Yo bitch is Gucci Mane RT @JabariTheGreat : My bitch a stoner &#128175;&#128175; http://t.co/lt9LIJjpg9""&#128514;&#128514;&#128514;&#128514;&#128514;&#128514;"
1,"""@JamesyNBA: I wish I was a bitch like my brother keezy &#128530;"" ooooow I bet you do"
1,"""My nips are freeeeezing...and that's not okay because they're slicing through my bra....""
529,1,""My twitter was hacked"""" = I'm too pussy to admit that I said it and now I want to act like I never said it."""
2,"""Brownies for my brownie"" I love this movie. &#128517;"
1,#IfWeDate i eat da pussy better than a lesbian.
1,#throwback to being bitches &amp; drinking Mikes bc we sucked @AutumnMaye http://t.co/jfCthdEDcz
1,"""...Son of a bitch took my Tic Tacs.""
59,1,""..All I wanna do is get money and fuck model bitches!"""" - Russell Simmons"""
1,""" pussy is a powerful drug "" &#128517; #HappyHumpDay http://t.co/R8jsymiB5b"
1,"""Niggas always yelling ""Fuck bitches, Get money"" meanwhile they're broke and still want the bitches&#8230;."""
1,"""And bitch you must be lost"" &#128514;&#128514;"
2,"""@SportsCenter: USC senior RB Anthony Brown calls head coach Steve Sarkisian a racist and quits team. &#187; http://t.co/JOOsdSubIR"" he's a bitch"
1,&#128073; RT @OfficiallyIce: #GuiltyPleasure watching niggers fight on YouTube/Vine/IG
1,"""@YunGMiGo: @Shane_A1 cinco shit harder fucc nigga""yee but you fucc wit rich homie cuz dats ya homeboy fucc nicca"
1,&#128073; RT @_WSBG: I'd rather be called nigger than a uncle tom or a mark
1,"""You are a cunt"""
2,"""@Allyhaaaaa: Lemmie eat a Oreo &amp; do these dishes."" One oreo? Lol"
2,"""@worldtraveIs: Baby albino &#128034; http://t.co/2tYTQJ3fec"" @Meeeesh1395"
1,#vegas #bitch http://t.co/wbAqQ5vFpd
1,"""Don't know no ugly bitches! Don't know no broke niggas!""--@Kevin_Gates"
1,"#porn,#android,#iphone,#ipad,#sex,#xxx, | #HandJob | Hand job and cum on rubber pussy http://t.co/zGcnmR2kLA"
1,"""Yup. Fuck em @Aloha_Hoesss: Playing like trash RT @80sbaby4life Clippers don't wanna play lol"""
1,"""@midyWIDEY_: I'm rea start smacking bitches period !"" Bluffin at its best"
0,"""@NotoriousBM95: @_WhitePonyJr_ Ariza is a snake and a coward"" but at least he isn't a cripple like your hero Roach lmaoo"
1,"""I'm comparing KFC to the pussy"" @MaxOn_MaxOff5"
1,"""@IScoutGirls: @verbally_abrupt bitch where u been"" Around the world and back. Where you been?"
1,"""bitch my vagina is a little more resilient than that"" -@rosestokoe"
1,"""@MegamindNick: @white_thunduh nah fam I gotta cheat with the hoes"" depends on the female i feel"
2,"""@UberFacts: 15 sad TV character deaths we're still bitter over... http://t.co/uLclFUF8nC http://t.co/1RXYQOOsM0""ned stark was the man"
1,"""@MileyCyrus: bitch couldn't kill my vibe if ya tried. &#127752;&#127752;&#127752;"" dis why i love miley :*"
2,"""@AllAboutManFeet: http://t.co/3gzUpfuMev"" woof woof and hot soles"
1,"""@KissMySmilee: Don't got time for bitches to be actin iffy."""
2,#FireCashman Why?? Because I am having to root for the Royals in October. #Yankees
1,"""@UnHoly_Jack: These harbor bitches are all ""Party Bus hoes"""" Lol all?"
1,"""@_iwantfranny: He's a hoe , I can't"""
1,"$3 bud Lites and $4 well shots at the bar tn, plus I'm giving away a trip to Las Vegas. So if you're not a cunt come visit me at Bourbon St"
1,"""@fuckcamoclark: Roses are red and violets are blue and niggers are black, you know that's true."" @dylan72892"
1,#Remake with #granny DCYOUNGFLY Dirtymoney24 #TeamIgnat #HoodComedy damn that bitch a BAB!!!! that's a Big ... https://t.co/mgr10pz8iJ
1,!!!!&#8220;@selfiequeenbri: cause I'm tired of you big bitches coming for us skinny girls!!&#8221;
2,#Yankees I ain't complaining about the Royals win or lose game7. They showed heart. AL ride or die! No flex zone. They earned it!
1,&#128165;&#128162; on the pussy http://t.co/mWXQnjm4So
1,"""@KingCuh: @16stanleys io io alu record ho vine sai pe hahahaha"" lol anywaaaaaays..... haha"
1,&#128514;&#128514; bitches get stuff done. http://t.co/GvFpk65ah5
2,"""@ArizonasFinest6: Why the eggplant emoji doe?""y he say she looked like scream lmao"
1,"""@DreadheadAri: she really asked me that dead ass serious tho, all i could say was ""bitch wheet"" LOL"
2,"""You look like little birds help you get dressed in the morning"""
1,"""@GirlThatsVonte: Yall bitches wit no edges be doing the most talking &#128553;&#128564;&#9995;""&#128514;&#128514;&#128514;"
2,#WeAreRepublicNotRegime #POTUS BO violated USA sovereignty w/open border/Jihadis/criminal/diseased/Haitians/S.Americans #ImpeachObama
1,""" bad bitches is the only thing that i like """
1,"""For every bad bitch there is a nigga tired of fucking her"""
1,"""Virgin pussy "" () "" , regular pussy "" ( ) "" , Oomf pussy (_________________________)"
1,"""Why would you want pussy on your side burns?.. Thats a good question"" @_hy0ung hahahahaha &#128514;"
0,"""@Blackman38Tide: @WhaleLookyHere @HowdyDowdy11 queer"" gaywad"
1,"""@jSadass: loud bitches annoy me"""
0,&#128514; &#8220;@BossmobbE: Racist all month .. Fuck u honkey&#8221;
2,"#IndigenousPeoplesDay .........right. Because these #redskins had a lot of #queens, right? nomg. #sofunny"
0,"""@jayswaggkillah: Jackies a retard #blondeproblems"" At least I can make a grilled cheese!"
1,"""@z0mbiedance: I made that bitch lunch. @elizabethbatman"" Bitches love lunch."
1,"""@Strap__: I ain't sharing no bitch if you mines you mines &#128175;"""
1,"""ain't it time for you hoes to get out of here"" LOL this is what Ariana's mom says to us"
1,"""@KelsieBelsi: You're not a man if you refer to every girl as a bitch"""
1,!!!!!!! RT @UrKindOfBrand Dawg!!!! RT @80sbaby4life: You ever fuck a bitch and she start to cry? You be confused as shit
1,"""@YoungRicooo: &#8220;@WexicanAfro702: Don't take advantage of a nice person&#8221;@ hoes""@ everyjuan"
1,"""@WBeezy_: ""@Run_DRC: Its simple, dont be a hoe=dont worry about being exposed &#128540;"" fight me""why ?"
1,"""@adriwadrri: No love for these fuck niggas"" hoes*"
1,"""@Coley_Cee: Let me make a couple tweets off cuzzo page, so I won't get in twitter jail.""lmao bitch don't trick me again"
1,&#128034; dirty whore. I love you. but you a hoe. but I love you. Jesus is watching.
1,"""@CCobey: @AydanMcCoy happy birthday nigs"" Thanks yo"
2,#BlessJesus Amos 5:10 There are those who hate the one who upholds justice in court and detest the one who tells the truth.
1,"""if i wasnt in a work place id deck you"" aye fucking right, I'd give you a tyson 4 combo nd end you with an uppercut. Shut the fuck up bitch"
1,#wallofthewasatch bitch!
2,"""@deepthroatMike: ""@Boys_South: Take me for a ride &#128525;&#128139; http://t.co/H5mAtjYfGA""#redneck"" woof woof"
0,"""These sour apple bitter bitches, I'm not fuckin wit em"""
1,"""@HBMostDope: Ugly bitches be like I'm my own WCW duh bitch you ain't nobody elses&#128514;&#128514;"""
1,"$60 torch down the drain cause either I was to high and lost it or one of my ""niggas"" finessed that hoe fuckkkkk ittt"
1,""" bitch get up off me """
1,"""They Faggots @JonnieSantana: Orioles petty as fuck...got swept up outta this bitch"""
1,"""@SexualGxfs: @ One of your followers with this &#128525;&#128553; http://t.co/F1TJl9xnCT"" @ somebody, bitch if you don't"
2,#NowPlaying : Ian Hunter - Once Bitten Twice Shy on #1069TheArrow - http://t.co/R5wuXA9jB6
2,#Yankees wasted Nu&#241;ez's season #rays #mlb
2,#Yankees Nice bounce back @Michael Kay. Gotta keep this going!
1,"&#128514;&#128514; niggas sending screenshots of me to they bitches like "" stop texting cuh "" &#128557;"
1,"""@talibanshawtyy: Niggas whole hoes out here cuz"" Couldn't had said it better..&#128588;"
2,"""@iTrapWatermelon: tweety bird tho &#128514;&#128514;&#128514;&#128514;https://t.co/JbnoNM3N1P"""
1,#OnlyInAMichaelMyersMovie bitch is running a hundred meter dash on this niqqa WHOS ACTUALLY TAKING HIS TIME WALKING &amp; u still get killed
1,&#128514;&#128514;&#128514; bitch my lrt
1,"""Get your ass back to Detroit ya fuckin' wigger!"""
1,"""You took our land so you could make each other retarded in DIAPERS? Sure....use our image....cool...."" #redskins #NFL #concussion #jokes"
1,"#porn,#android,#iphone,#ipad,#sex,#xxx, | #CloseUp | amateur pussy player milf close up http://t.co/2uHL7dhHu1"
2,"""@JReebo: Who wants to get there nose in these bad bois then #scally #chav #sockfetish #stinking http://t.co/FeQxgN0W6I"" hot sox and legs"
1,"#porn,#android,#iphone,#ipad,#sex,#xxx, | #Anal | Blonde tranny ass fucked http://t.co/80aRX0QJxz"
2,#THEBOONDOCKS at 10:30 my nicca!
0,"""on my way to fuck your bitch in the name of The Lord"" - Mr. Race"
2,"""@complex_uk: Ashley Young has tried to deny that bird s*** landed in his mouth ---&gt; http://t.co/mlr5eWgonK https://t.co/AvCHFj7reM"" hahaha"
1,"""@alexissixela__: &#8220;@white_thunduh: I legit watched it for about 30 or 40 seconds &#128529;&#8221;SO DID I WTF"" prob cause were retarded smh"
1,"""@WitHaPrettyface: @_1nonlykeisha bet not be no bitches! &#128514;&#128080;&#128299;&#128299;&#128298;"" &#128514;&#128514; Kim bye!!!"
1,"""I can't handle no liquor... But these bitches can't handle meeedd"" - Chief Sosa"
1,"""@DoYou_Q: Got bitches in the DM but I don't ever read'em"" which is y your top 3"
2,"""This recipe calls for a leftover brownie. What the hell is a LEFTOVER brownie? That's just a brownie you haven't eaten yet.""-@EricaNadine26"
1,"""@jama_jam: You bitches be pretending to be TF crazy.."" You ain't never lied..."
2,"""Just follow the yellow brick twitter."""
1,"#porn,#android,#iphone,#ipad,#sex,#xxx, | #SmallTits | Small tits ghetto whore fucking with not her stepdad http://t.co/Ay6gRNTOUw"
1,"#porn,#android,#iphone,#ipad,#sex,#xxx, | #Masturbation | A very hot black tranny is mastu http://t.co/OfGGMLXQAj"
1,"""@Hudgens_11: Lets get drunk, get blowed, spit shit spark blunts &amp; fuck hoes!"" Bro white dudes have no chill."
1,"""@Taylorr_Babee: You ain't ever gonna be a slice bitch."" Kevin hart. (:"
1,"""@socass_: ""@00sexilexi00: @socass_ yasss""
395,2,""@socass_: Dude remember this wop video? @00sexilexi00 http://t.co/P3HEuBOQBu"""" OMG WHERE DID YOU FIND THAT"""
1,""" black bottle &amp; a bad bitch """
1,"""you better pipe your pussy down over there""- @EsEx_Ruskii&#160;lmao wth does that even mean?"
1,"""@GirlThatsVonte: These hoes be thinking Meat won't slap they ass &#128564;&#128075;"" ainna bruh"
1,&#128514;&#128514;&#128514;&#128514;&#128514;&#128514; RT @KarltonHinez: @ItsNotHarold smh bitch sellin her ass
1,&#128064; RT @Mr_QuenchYaGirl: A lotta fck niggas on this here Twitter. Really be talking like bitches.
2,"""@ayyee_ceee_: One mans trash &#128686; is another mans treasure &#127942;"""
2,"""@nohands_24: ""@20ToLife_: ""@nohands_24: ""@DejaaLeeann_: @B_Coleman2 swears I'm #1 man"" easily"" easily"" behind Austin"" nip?"
1,"""@__taradise__: Ya nigs out there still saying y'all don't eat butt?!"" WITH A STRAIGHT FACE!"
1,"""@LolaaIsDope: Lmao fucking snake bitches"" @ em"
1,"""@CanIFuckOrNah: What would y'all lil ugly bald headed bitches do if they stop making make-up &amp; weave?"""
1,"""She was a bitch anyway"""
1,"""IBS"" irritable bitch syndrome."
1,"""Shake that Bear ... aka two rednecks having sex on a dead bear"""
1,"""I don't chase after dudes... I chase after bitches."" - Edgar Bautista"
1,#klokus this bitch has his nose pierced &#128514;&#128514;&#128514;&#128514;&#128514;&#128514;&#128514;&#128514; https://t.co/1Ia8Nx6zrS
0,"#SlightlyAdjusted RT @CapoToHeaven Alls niggers wanna do is fuck, tweet, and drink pineapple soda all day"
1,"""@G27Status: I could go for a fat ass bitch on my lap"" same"
1,"""@KingTeej_: Ol dirty foot ass bitches.."" this was too funny to me."
2,"""Chinese Maverick: We were communicating Comrade , u know giving the imperialist Yanks the Birdie"" https://t.co/38GZ1jerPS"
1,"""but I love him"" nah bitch that ain't love."
1,#WhatWouldYouChangeAboutYourPast the hoes I wasted time with
2,"#DegenerateArtist Sniffs whiffy balls involuntary, cuz a FAIRY walks DOWNTOWN HAIRY, #climatechange all our scary sense of hillbilly sneeze&gt;"
1,"#porn,#android,#iphone,#ipad,#sex,#xxx, | #Erotic | Erotic and wild tits and pussy fucking http://t.co/8HkC56j7c9"
2,"""@Mesha_nojas: @_Vontethekidd &#128079;&#128079;&#128079;&#128079;&#128588;"" I got hicks lol"
1,#wcw bitch &#128536;&#128514; @AutumnMaye http://t.co/7n5X9FyvIP
1,""" is that ya bitch """
1,"""Your homeboy looking bad and you giving cash to them hoes"""
1,#That son of a bitch moment when you turn the radio on and your favorite song is on but its the end of the song
0,"""poor whitey"" http://t.co/3UkKeyznz8"
1,!!!!!!!!! RT @C_G_Anderson: @viva_based she look like a tranny
2,"""@SportsCenter: Eli Manning just threw his NFL-leading 27th interception of the season."" Lmao trash"
1,"""How you doing, crazy bitch?"" is hilarious!"
1,"""@CauseWereGuys: On my way to fuck yo bitch http://t.co/j906T5zE2R"" me as a 9 year old"
1,"#porn,#android,#iphone,#ipad,#sex,#xxx, | #Anal | BBC Anal creampie bitch http://t.co/3XNeG5mnRk"
1,"""@xoxoclauudia: YASSSSSS, ORDERED CHINESE &#128079;"" bitch you just ate tacos you fat fuck"
0,#Virginia is full of white trash.
2,#foxnews cuts away when a Democrat talks and claim to be fair and balanced. LMAO network full of #teabaggers and liars.
1,""" jus meet son now he ya mane ass bitches "" #Shots"
2,"#BREAKING: AP calls Mass. Governor race for Charlie Baker. Watch live coverage on WCVB, streaming online. http://t.co/S6hY2eVoaT"
1,#That son of a bitch moment when your walking through your house in the dark and stub your little toe on the wall
2,"""@Theo17100: http://t.co/BYj1HOyhmG"" this scally lad would get it"
1,"""@ShanTaughtHer: These catfish hoes thinkin they slick.. But niggas catching on &#128524;"""
1,"#10ThingsThatGetsOnMyNerves Needy hoes, ratchet Hoes, sideline hoes, Beggin' hoes, dumb hoes, looking for love on Facebook hoes.."
1,"""@ZoeBarton3: @h0rheyd ewww I said THAT last Sunday..as in the last Sunday I was there. Read it again nigs""&#128563;&#128563;&#128563;&#128563;&#128563;"
2,#portlandia #putabirdonit RT @mightymouse105: The Xbox One would be so much cooler if they put a bird on it
1,"""@Loveable_Aizah: Big booty hoes everywhere sheesh &#128525;"" damn &#127807;&#128064;&#127807;"
1,"""@chieflottahoes: In D.C., we call them rollers, in Chiraq we call them thots."" All across America they have been known as a hoe."
1,"""@YEHits_Von: &#8220;@Run_DRC: I must be a bitch&#8221; you are &#128514;&#128514;&#128514; sike naw"" This why we always beefing &#128514;"
1,#tweetlikelexi Nah we not gonna sit down we gonna walk it out bitch.
1,"""@airmaxlad1: Hot meat http://t.co/BRz8Imk5vK"" sexy as fuck scally lad. I would love to meet him and his trainers."
2,#Royals 2-1!! Fantastic. Ready for tomorrow's sweep of the disposed O's. #Yankees 4ever except this month.
1,"#porn,#android,#iphone,#ipad,#sex,#xxx, | #HiddenCams | Candid pussy shots from a hidden c http://t.co/IKpJ0etz71"
2,"""Yaoooooooo @yea_im_JAMAICAN: Mawnin yardies! &#128154;&#128155;&#128536;"""
2,"""@greggutfeld: a video an entire media will likely mock. http://t.co/XFr1cRXWSm"" i am such a crybaby"
1,!!!!!!!!!!!!! RT @ShenikaRoberts: The shit you hear about me might be true or it might be faker than the bitch who told it to ya &#57361;
1,"""@A7XDemery: I'm a fucking fag they said"""
1,"""My momma told me to tell you to mind yoooo damn motha fuckin business you 2+2 not knowin what it is bitch!!!!!!"""
1,"""Uh-uh, what do we have? Your empty heart, my empty bottle, a yellow cab.. That you would like to catch cuz yo latest ex made u mad.."
1,#Shoutout to my #MackTown niccas!
1,&#128514;&#128514; My stomach in pain like a mufucka RT @OwIPharaoh This the nigga that's rating bitches 3/10? http://t.co/yFlFuBJ2Po
1,&#127942; RT @UBoyRock17: Every bitch n my passenger seat I dun fucked at least one time
1,"""Get me that shit bitch you is fine bear"""
2,"""@rhythmixx_: I told Mariam to but cigarettes for her birthday""
380,2,""@riananewman: @22EdHam brownies tonight"""" what kind?!?!"""
1,"""You don't like us colored folks, what the he'll you're not colored you white fucks"" &#128514;&#128514;&#128514;&#128514;"
1,"""@JasminePore: If you dressed up as a cat for Halloween you are basic."" ...or a pussy"
1,"""@SacTownProdigy: Just because tony romo at the mavs game dont mean he still not a bitch lmao.. Fuk them cowgirls"" lol bitch fuck you"
1,"""&amp; he's gone always be a hoe"""
0,"""Why people think gay marriage is okay is beyond me. Sorry I don't want my future son seeing 2 fags walking down the street holding hands an"
1,"#porn,#android,#iphone,#ipad,#sex,#xxx, | #BigTits | Cute preggie slut big tits plays with swollen pussy http://t.co/iTCpEBCem4"
1,"""Nah girl I ain't gon be able to make it, it's been tight since Russ loss his job"" you in the back like ""damn bitch really"""
1,"""@SnakecharmsDump: http://t.co/4b427dQZCV"" oh yeah fuck that bitch"
1,"""I got a sister, she told me stop calling women bitches.."""
1,#NationalCatDay ...sure. Celebrate over 1 BILLION bird deaths and blame it on #climatechange you fuckin' #commies.
1,"""@Latrobemark: You love these hoes more then money wats wrong these niggas"""
2,"""@MaxMayo77: http://t.co/XpSC3makgJ"" sexy lad with hot soles and arches."
1,"""@Master11_: @20ToLife_ @GabrielaStarr How could u do this to me bitch"" potent"
1,"""@LiLFridayHOE: Easy cum, easy hoe"" That's a fact !"
0,&#128514;&#128514; fucc nicca yu pose to be pullin up
1,#wcw all the bad bitches &#128069;&#128166;
1,"""Foreign chick, no lie.. Man that bitch Beautiful"""
1,"""@Goofstroop: You a woulda coulda shoulda ass hoe &#128563;&#128586;"""
1,"#porn,#android,#iphone,#ipad,#sex,#xxx, | #Italian | my baby pussy http://t.co/1O7AJdBjLc"
1,"""@witmyRUDEass: These newly gay bitches don't kno how shit works"""
1,$100 bid to go on a date with Zack Morris oh that dreamy son of a bitch
1,"""@Johnny55Perez: @white_thunduh ha well iguess I make them hoes loyal bro"" theyll never be loyal that y they hoes my nig"
1,"""I would rather you call me bitch than sir"" -my manager"
1,"""@jboii2: ima keep on giving these pussy ass niggas ah reason to hate !"""
1,"""That ain't bro moves, that's hoe moves"""
1,"""@CaelanG15: ""@22EdHam: @CaelanG15 that nigga was eating that hoe lol"" Hell Yea lol john Paul"" nigga said john paul.. http://t.co/OSIpBKPr9h"
1,"""@likemicah: Y'all dumb ass niggas be so pressed to have hoes. Y'all weak as fuck as fuck"" ...weed over hoes, oreos too."
1,#DearFeministMen there are easier way to get pussy w/out sacrificing your man hood...best of all they dont include losing ur self respect!
2,"""@RachieSoul: @DizzleOfficial inna di ghetto!!!"" You alone lmaoo"
1,"""but pussy is the root of all drama an attribute put up in they head by they mama."""
2,"""@Stephenwildboy: Chilling &#128069;&#8482; http://t.co/mik3iPNle6"" sexy scally lad"
1,"""@irlfatty: my pussy sweet like watermelon http://t.co/SKlPh3TtoG""
343,2,""@itscoleharmon_: When twitter rappers dm me their trash links http://t.co/35nMR4AUQg"""""""
1,"""@jacaxeltlu: Eventually every bitch turns into that hoe."" # Truuu"
2,#mt browngal #gouache #monkey #tiki http://t.co/kFhj8lWhbs
1,"""Twitter is twitter"" bitch twitter is life"
1,"""These hoes keep callin but I ain't pickin up""&#127926;&#127926;"
2,"#porn,#android,#iphone,#ipad,#sex,#xxx, | #Desi | paki http://t.co/cOfGRtW9br"
2,#BlessJesusLove Happy Belated ( Sixty-Fifth) 65 Birthday *28 Aunt Mary Agnes #Strong
1,"""@GirlThatsVonte: Yall still going trick or treating this year or nah?""hell yeah ima be da sweet tooth bandit steal bitches bags n shit"
1,"#porn,#android,#iphone,#ipad,#sex,#xxx, | #Latina | Latina chick gets her pussy pumped http://t.co/4dhwuI5ARd"
2,"#Yankees take all three games in MoTown, I'm callin' it!!! #MLB"
1,"""@XoJennyGirl: I'm making marack my girlfriend ."" @marackaf aye b you pullin hoes just like o taught you"
1,"""Fresh nigga so you kno I need a clean bitch... Who kno I'm working cuz I wanna see my team rich."" http://t.co/Cgx3HNAK9A"
1,"""@TheRealRickyB21: @JetsAndASwisher @Gook____ y'all come through the front.""bitch I ain't coming"
1,"""@glowstruck: But a nigga gon be a nigga, be a nigga."" You sound fuckin retarded"
1,""" if you're toes ain't done you pussy stinks """
1,"""@wodaeeex3: Awww Meat Meat In His Feelins""i ainn n my feelings bitch"
2,#mt #commission #gouache #tiki #wahine #monkey #tubed #surfing #wavesliding #waterwalker #notkook http://t.co/vii3SmGRm3
1,"""@realFORTES: Grudges are for weirdos""and bitches"
1,"""@ozzie_garza: @white_thunduh I'm so sure bitch"" frfr tf"
1,""" quick piece of pussy call it a drive by """
2,#Natitude? Okay. I'm only going to say it once. COMB yer BEARDS. #lol #wiggers
0,#Minnesota is full of white trash
1,"""@_rapdreams: bitches hold they nigga down when he get locked up... but if a nigga go to college or the military it's a different story. &#128564;"""
1,"""HOW DO YOU KNOW MY TWITTER PASSWORD"" bitch please"
1,"#BOB Bass over bitches @HankJohnson11 bitches on his dick, fishes on the dock"
1,"""@TheRealRickyB21: @JetsAndASwisher faggot bitch"" http://t.co/2HyyAbk4eH"
2,#BlessJesus The #Crown of HIS head to the sole of HIS feet
1,"""@worldwarzee_: these hoes ain't loyal."""
1,&#127829;&#128049; RT @TAN1AAA: RT @PeachDulce: A piece of pussy http://t.co/BcWiT2nuz5
2,#Yankees 6-0. Nine straight hits. Price... Not your night.
1,"""@__MALIBUbarbie: Nd wtf is up with dark bitches with blonde.. PLEASE HAVE SEVERAL SEATS HOE!"" ..looking like black&amp;milds out here"
1,"""All these bitches want a baby, I don't want no children."""
1,&#128514; bruh these hoes gotta be stupid.
1,"""Wow you are a bitch"" 
596,1,""Y'all forget he has his brand new baby girl at home"""" bitch the cookies are burning"""
1,"""@Almightywayne__: Fuck Red Malone man bitch ass niggah"" could you please use complete sentences?"
0,"""Let's kill cracker babies!"". WTF did I just hear???????? WOW."
1,"""&#128514;&#128514;&#128514;&#128514;&#128514;&#128514;&#128514;&#128514;&#128514;&#128514;&#128514;@VandalSavage_: Teanna Trump probably cleaner than most of these twitter hoes but........."""
1,"#DegenerateArtist Can't do it ALL on CARD&gt; I'm not a French Muslim retard&gt; I don't expect or demand a child bride yard, cuz I got MAN DICK&gt;"
2,"""How about we draft all those gung-ho folks and send them to Afghanistan or other war zones so they can show their... http://t.co/sR1zceHx"
1,"""You're a garden rose, and that bitch is a weed."""
2,"""@DunderbaIl: I'm an early bird and I'm a night owl, so I'm wise and have worms."""
1,"""@BitchJones92: Get worshiping bitch! http://t.co/R37CejCjou"" woof woof"
1,"#longhair don't care got my #gayboyproblems everywhere, I'm a #bitch I'm a #champ, I'm totally full of&#8230; http://t.co/Qia88qGmWh"
1,#truefriendtuesday my bitch @drrrruuuu http://t.co/7dSZ3vCySz
2,#PacerNation 4/4 on the road! Perfect way to continue after #iubb have finished #NBA #Pacers #indiana #hoosiers
2,"""@MaxMayo77: http://t.co/PrrskknqRv"" love frat boy w/ soft long soles"
1,"""I will fuck u where u stand"". ""U dizzy bitch"". Two unique &amp; separate phrases I overheard a relative saying when I was younger."
1,"""hoes suck my dick cus i look like john stockton hit em wit the choppa, luke i am your fatherrr"" - @LILBTHEBASEDGOD"
1,"""@BlackNerdJade: Ok, sis."" She'd rather be a broke bitch? *shrugs* she'll have to tell me how it works for her"
2,#Royals Milwaukee let Yost go.Now they wished they hadn't cause they suck.How about now.He's the guy win or lose. Yankees fire Girardi &#128073;Yost
1,"""She's from Florida so you've got to do the sniff test in those swamp pussies"" &#128514;&#128514;&#128514;&#128514;&#128514;&#128514;&#128514;&#128514;&#128514;&#128514;&#128514;&#128514;&#128553;&#128514;&#128514;&#128514;&#128514;&#128514;&#128514;&#128514;&#128514;&#128514;"
1,"""@DGotBricks: What happen to them vixen ent bitches"" they got ran and threw to the side like a foothill bitch"
1,"""@ShowArrive: Side hoes are for insecure niggas that can't handle a real one."""
1,#UMightNotGetIn &#128514;&#128514;&#128514; fucc nicca #BeerandTacOS #WeTheLastOnesLeft http://t.co/45FV79CV0z
1,"""@Shun_stokes: &#128514;&#128514;&#128514;&#128514;RT @bluprint_4: Lmao! This bitch come scooting in the tent like she about to fuck some shit up!"" &#128557;&#128557;&#128557;"
1,"""@DaeDaviDavie: @white_thunduh im the bitch okay nudes pat &#128554;&#128527;&#128056;"" wow"
1,"""Those ratchet broads don't represent me but YOUR white ass can't talk trash about them 'cause you on racist shit"" Black"
1,"""@ambitiousBree: @_1nonlykeisha u see the damn phone ringing? &#128547;&#128530;&#128542;"" when you married bitches makes demands!!!! You haven't called me"
1,"""@AdoreZoey: How u gone bring ur side bitch to a game where You know Ya gf friends at ?! &#128553;&#128553;&#128553;&#128553;"" I SWEAR!!!!!"
1,"""@X_XPDOTJDOT: Damn near gotta protect my tweets.. stalkers being annoying"" you got that dope dick. Drive these bitches loco"
1,"""Shall I compare thee to a summer&#8217;s day? No, a summer&#8217;s day is not a bitch."""
1,"""@NastyCopper: Money getting taller and bitches getting blurry"""
1,""" pimps up pimps up hoes down "" Future voice"
0,"""fuck you you pussy ass hater go suck a dick and die quick"" - Someone, to me, in Youtube comments. I think we'd be good friends."
1,#Shoutout to my #Exit47 niccas! #Salute
1,"#porn,#android,#iphone,#ipad,#sex,#xxx, | #Beach | Caught a girl rubbing her pussy in nude beach http://t.co/h8lGiTFYie"
1,#ToMyFutureSon You can fuck dem hoes but you better not love dem hoes.
2,"""Only a couple of Red Sox have gotten past first base."" I'm dying laughing. Maybe the Yanks need to teach them some game."
1,"""Yo can I sublet your pussy"" #ShitFahdSays"
1,"""@YoungRicooo: Sad knowing that most hoes won't fuck with you bc you ain't got stacks."" wait till friday"
1,"&#128514;&#128514;&#128514;&#128514;&#128514;&#128514;&#128514;""@betysweetcocker: That pussy is just....&#128561; imma assume she just had a baby like..the day before"""
1,""" i txt my old bitch my new bitch pussy wetter """
1,"""@stephencdo: @currieburry if one of you bitches want some of my burrito u can catch me at potosino"" huh? Haha"
2,"""@MLBNetwork: Stay tuned to @MLBNetwork for an update on the report that @Yankees 1B @teixeiramark25 will be out 8-10 weeks"" @dliming35 #bum"
1,"#porn,#android,#iphone,#ipad,#sex,#xxx, | #HomeMade | Home made. My wife rubbing her pussy http://t.co/ldb9aFwVdM"
1,"""@cheetahBluntz_: Its me hoe, its me hoe&#128129;"" shhhhh"
0,"""We hate niggers, we hate faggots and we hate spics""-kkk rally"
1,#ultimatepickupline bitch get naked. Works 10 times out of 10 if she's drunk :)
2,#tikiti - rough mock for the base of what will eventually be an ashtray @ Tiki Ti http://t.co/8zE8aqY0
2,""" momma said no pussy cats inside my doghouse """
1,"#wrongfilmquotes ..everytime I come in the kitchen you in the kitchen, in the goddamn refrigerator. Eatin up all the pussy"
1,"""@ReachtheeCLIMAX: bitches can't cook but know how to suck dick .."" s/o to the ones that can do both!"
2,#Yankees Damn you DirectTv blackout the Yankee game. With a freaking WALK OFF! You're killing me satellite douche.
1,"""@ComedyPosts: Harlem shake is just an excuse to go full retard for 30 seconds."""
1,"""@DionaIrish: I hate a ""I'm pregnant"" type of bitch."""
1,"""@wodaeeex3: I Want Snake Bites , MY Industrial Piercin &amp; A Tattoo""Dem hoe accessories dea &#128064;&#128064;&#128056;&#9749;"
2,"#metal only, honkies!"
1,"""@thejudyann: annoying bitch that I love http://t.co/8oxlQvQBrC"" JUDYANN'S SO PRETTY!!!!!"
1,""" cant you see these hoes wont change """
1,"""@scallynikelad: &#8220;@sleazytwinks: So hot!! RT @opcinjen: Lick it, bitch http://t.co/JLoUkqDcOM&#8221;"" fuck yeah. Eat that trainer u dirty fucker"
1,"""@BaylaaGottaBody: &#128514;&#128514;&#128514;&#128514; I ain't shit ."" Damn Skippy lol"
1,"""Stop being a pussy, son, and shove that needle into your own heart!"" #afterearth"
1,"""@poppunksucks: Twitter is not a source of news broadcast you fucking retards"" it is when nbc, abc, cnn, Fox, etc are all keeping quiet."
1,"""@ChadMFVerbeck: If Richnow doesn't show up with hella tinder hoes Im not his friend anymore"" chill I brought like like 8 prople"
1,&#128514;&#128514; &#8220;@JusDahl &#8220;@JustKorey &#8220;@JusDahl: Y'all have boring sex.&#8221; Nope.. I lick the side of my bitch face when I'm hittin it from the back&#8221;&#8221;
1,"""@BeenFLYnSolo: ppl talk bad about the ghetto/hood ... but as a kid growing up, a nigga had funnnnnnn !"""
1,"""@Nicholas_ted33: Kobe stay talking trash. But let's not forget http://t.co/VH4tnEkvTP"" @J_Austin12 I meant to do this one. Smh."
2,"""@kazooook: We actin like it's the 7th day @WesGodLaFlare http://t.co/s9gMtEvpaT""
357,1,""@kikiSTFU: I'll break that lil bitch neck and won't even feel sorry about it"""" Savage"""
1,&#128514;&#128514;&#128514;&#128514;&#128514; brittany bitch u my dog man &#128514;&#128514;&#128514;&#9996;&#65039;&#9996;&#65039;&#128553;&#128553;&#128553;&#128553;&#128553;&#128553;&#128569;&#128569;&#128584;&#128584;&#128584;&#128584;
1,"""I only be with older men cause they're more mature""
485,1,""I prolly leave up out this bitch with my cups in my hand and yo hand in my other hand."""""""
2,#TBT love you forever ling ling &#128115;&#128114;&#128152; @brittneycordova http://t.co/KEcfNjyrwE
1,"#AnnCoulter still calling #Obama a 'community organizer' re: #Syria. Well, she is still #cunt as well. So what?"
1,"""@KazAtta: @1TAKEHOV Oh man.. ""its 5 am, you off a molly, ho where the fuck ya seed at??"""" #fixed"
1,#IHopeSomeday that these hoes just find their own relationship instead of ruining others
1,#FreeballoutPartyPart3 bitch it's going! 3 mo weeks&#128588;
1,"""Roberto you are one nasty hoe"""
2,"""@MaxMayo77: http://t.co/3Jk4kR44X3"" a pissed lad past out. I would lick his dirty soles while he slept."
2,"#porn,#android,#iphone,#ipad,#sex,#xxx, | #Desi | paki http://t.co/XxcdQvzI9t"
1,&#128073; RT @Pr3ttyN33: Don't like me ??? Have a &#128186;with the rest of the bitches waiting for me to give a fuck &#128540;&#128129;
1,"""@_GeeWillikers_: Ass slapping is one the greatest things. Haha. &#128527;"" I slapped a girl on the ass. . She got mad I aint get pussy for a week"
1,""" most hated but the hoes favorite "" #2MW #SevenOne # http://t.co/BMdSVMc3rC"
1,&#128347; is the most important thing. All this temporary bullshit and lies is fa the birds. Kill that !
2,"#NP ""Centuries"" ~FOB"
1,"""@hazelebaby: Karma is a bitch #Damn #GodProtectsHisAngels &#128588;""
335,1,""@hornyjhb: Fuckin hot gym pussy http://t.co/ZVYmcXQuTA"""" fuck yeah"""
1,#FreshmanAdvice and if you ain't a hoe get up out my traphouseeeeeeee
1,"#porn,#android,#iphone,#ipad,#sex,#xxx, | #Korean | korean girlfriend pussy http://t.co/Od1MQUudnN"
1,"""@Miikito_x3: Toto means ass or vagina?""I think pussy cause toto santi is like nasty pussy"
1,"""@TyJonCuffee: And if you ain't a hoe get up out my traphoussseeeee"""
1,"#real RT @ImTooMuch: RT @d_lac: RT @WeavusChrist: RT @Tone314: Don't tell me if my gf was a hoe before me, if I'm happy."
0,#ThingsIWillTeachMyChild how to play deez niggas n bitches dat be snakes
1,"!!!!!!!!!!!!!!!!!!""@T_Madison_x: The shit just blows me..claim you so faithful and down for somebody but still fucking with hoes! &#128514;&#128514;&#128514;"""
1,"""@HiImJoriB: I would wife a hoe only cuz we wouldn't care that we cheating in each other."" ...why force the relationship in the first place?"
2,"""@EdgarPixar: Overdosing on heavy drugs doesn't sound bad tonight."" I do that pussy shit every day."
1,"""oh ya these hoes think they cute in skin tight cat suits assuming that they bodies to boomin to dispute"""
0,#SouthCarolina is full of white trash
1,"""@royalswagg_: using y=mx+b to find the slope of that ass"""
2,"""@TEE_JONEZ: @KingCuh @16stanleys I'm not mad cuh hahaha"" suure.. tuku ho ita! &#128514;&#128514;"
1,""" these hoes like niggas that spend money not talk bout it """
0,"""@bigbootybishopp: @white_thunduh lassen cc , the coach wants me"" i feel it youll get more my nig no doubt"
1,"#porn,#android,#iphone,#ipad,#sex,#xxx, | #Babe | ebony babe pussy http://t.co/3MxBXeZqxR"
2,"#BigBird was made by a gay couple. So yes, under a GOP world the bird would not have existed since its creators would be in jail for sodomy."
1,"""@Tmacc_GFG: BOBBY BITCH-by @BobbyShmurdaGS9 be getting me live as fuck"" hell yea i play that hoe before my workout"
1,#oomf can get it but I'm chilling till da bitch hit me up
1,"""New Flame"" the song of the yr lol that bitch SUPER run like"
1,"""@BestProAdvice: The facts on tattoos...tattoo http://t.co/ZwnbhpDZ8e"" he's a pussy with not tattooing them nipples"
1,""" cancel that bitch like Nino """
1,"""@RishaaWilliams: @TRESHON_SCROOGE @_Nevertrustt ol bitch ass"" http://t.co/AmcOinY0wG"
1,#TheMostAnnoyingThingsInLife people who are NEVER happy and bitch-n-moan 100% of the time.
2,#uppers loving the show this morning. Chris is directing the conversation beautifully. Make the teabaggers talk!
1,#SignsOfCockBlockin ----&gt;RT @tribexyunglion: Niggahs telling hoes I'm down talking them just so I can't get on &#128514; #FuckNiggahs
1,"""@LeBronVuitton: A loyal bitch from the burbs without daddy issues is like finding a holographic Mewtwo."" ...sounding like me over there lol"
1,"""I woke up like thi-"" bitch go back to bed"
1,"""@Migsmichelen: This new twitter is confusing the shit out of me."" Go back to south america bitch"
1,#Lingo so A1 niccas be Tryn talk like me
1,"""I dont even need a picture of tamar, that bitch is beat in every picture""&#128514;&#128557;&#128514;&#128514;&#128514;"
1,"""@Poetic_Success: I hate when strippers tell you they're ""dancers"". Hoe, ballet dancers don't pop their pussy to Beethoven. You a STRIPPER!"""
1,#BestSongToHaveSexTo bitches love sosa #bangbang
1,"""@VineForTheByrd: On my way to fuck your bitch https://t.co/4lMTFNL2iy""

LMFAO KITTYCOPTER"
1,"#porn,#android,#iphone,#ipad,#sex,#xxx, | #Hairy | hairy pussy http://t.co/Ntg2b0qDmx"
1,"""@TheOneMiss_Luu: Would you still love me when I'm no longer young and beautiful?"" No. Ugly monkey ass."
1,"""Niggas be pressed for pussy, Eeeeeen nothin"""
1,"""Why u being such a little bitch chris you ain't six bitch"" - Allisons Mom"
1,"""If you love her then hide yo bitch so you'll keep shorty.""
505,1,""If you talk back to me you ain't getting no pussy."""""
1,"""@HornyFacts: Being single isn't an excuse to be a hoe."" @TheOneMiss_Luu"
2,#RuinAComedian @midnight Charlie Lapdance
1,"""She gotta shape up her pussy lips tho @PostPrettyPussy: Whole wheat organic pussy http://t.co/kq0R0A7z2g"""
1,"""Hey pussy you still there?"""
2,"""@KeyshawnSwag: Peel up peel up bring it back up rewind back where I'm from they move Shaq from the line"" ooooow who tf said that trash!!?"
1,"""@molssyo: Lifes a bitch, and then you die Thats why we get high, cause you neva know when you're gonna go"" my sister is perfect (:"
0,"""Our people"". Now is the time for the Aryan race 2 stand up and say ""no more"". Before the mongerls turn the world into a ghetto slum. 1488"
0,&#128514; RT @TheOnlyReed: LMFAO RT @Tone314: If you watching porn &amp; beating off &amp; yo homie text u &amp; it show his name in the banner you're a faggot
1,"""@Bill215_: &#128175;&#128175;&#128175; RT @nel_ayden Bitches be wanting to act like niggas so bad &#128553;&#128553;&#128553; that shit aint cuteeeee"" but niggas act like bitches.."
2,#Yankees #SEC Robertson in. Guy is fantastic. SEC pitcher!!
1,"""I don't love these hoes, baby It's me and you forever"""
1,"#porn,#android,#iphone,#ipad,#sex,#xxx, | #CreamPie | Young Japanese girl&#8217;s hairy cunt cre http://t.co/l46q7MoGGr"
0,#Iowa is full of white trash
1,"""Batter the wee cunt Jewis"" y cos he fucked my ex? Emma isnt battering the girls I've nailed?Ive moved on,stop being a pussy n do it urself."
1,""" lames crying over hoes thats tears of a clown """
1,""" bitch plz whatever """
1,#Shoutout to my exit 47 niccas! #RealNiccaSalute
1,"""Ain't that about a bitch""... What does that mean?"
2,"""@Yankees: Down 6-1, #Yankees look to rally in the bottom of the 9th."" #RALLYCAP"
1,"""@ThatniggaTroy: Oomf so fuckin fine tho &#128553; dam"" @ her, don't be no bitch."
1,"""@AdoreBellaaa: Have ya ever asked your bitch for other bitches - kanye voice"" Yes"
1,"""When im done with a hoe i pass her to the squad"" G!!!!!!!!!!!!!!!!!!!!!!!!"
1,"""@HaloTGMG: @1stName_Bravo nigga you know we hacky sack hoes."" ...nah, I throw no look passes lmao"
1,"""@CauseWereGuys: Going back to school sucks more dick than the hoes who attend it."""
1,"""@JAYten9: In every cartoon theirs alway a @_nuffsaid15 saving these hoes lmao. http://t.co/9uKD8wtZ6x"" lmao damn captain SaveAHoe"
1,"""It's never too late to tag a bitch.""- @CyFyre"
1,"""@TheGamerKingKev: I wonder if the girl that gave head to 24 boys for a drink in magaluf has twitter"" she probly sends nudes for fags"
1,"""@ProdsJewel_: &#8220;@sreadthepeace: &#8220;@yungmindless: @PeacePunkPrince Prince, THIS is art. http://t.co/EPHRWxMBHr&#8221; nobody takin his bitch!"
1,"""Walked in that bitch like, NIGGA WE MADE IT!"""
1,"""@CoryBandz: having one loyal female is wayyyyy better than having hoes , idc &#128175;"""
1,#Shoutout to everybody that follow a nicca!!
1,"""@angelenagoley: 10 sex positions http://t.co/nt3PABMWsm http://t.co/JmHZ8Sczf0""naw this what u call fucking the soul outta bitch &#128557;"
1,"""You can take someone out of the ghetto, but you can't take the ghetto out of them."""
1,""" we dont trust these niggas all these bitches """
1,"""Bleed out hoe!!!"" -Alexa"
2,#Yankees Damn. Well Joe that move to the bullpen really helped.
1,"""@GTM_Al: Ya side bitch gotta know it's rules to this shit..anybody ask you my cousin from jersey thinkin bout moving"" lmmfao &#128514;&#128514;&#128514;&#128514;"
0,"""You ain't gunna do shit spear chucker"""
1,"#IfThePurgeWasReal I'd be the best prostitute and madam EVER. Hey, if you got pussy, you shouldn't be broke, right? LMAO JK"
1,"""Pistol whip my Dickau, shoot yo bitch club up.""
542,1,""RT it for me. Please and thanks @BmorePocahontas: Did a pierced pussy just come across my timeline &#128528;"""""""
1,"""@djsliime: That long distance shit wack I knew the bitch was cheating""- uh oh"
1,&#128514;&#128514;&#128514; nah if you round me you do Molly &#8220;@CallNeeshCakey: Only bitches with no nigga do Mollies...&#8221;
1,"""@ClicquotSuave: LMAOOOOOOOOOOO this nigga @Krillz_Nuh_Care http://t.co/AAnpSUjmYI"" &lt;bitch want likes for some depressing shit..foh"
1,"""Don't make me make you fall in live with a nigga like meee..."" The birds 1&amp;2 are my favorite songs by Weeknd"
1,"""@queendulaaa: Got a couple bitches saying they know me But I&#8217;ma let the money talk for me &#128526;&#128076;"" AND I'M LIKE... #WWYD"
1,"""I know that shit eatin grin! You either just fucked the girl of your dreams or you sold a car. We know you're a faggot. What'd you sell?""&#128514;"
1,"""@Jewelxo: Can pornhub just get a gaming stream feature so these dumb bitches can gtfo"" @Pornhub get on it Katie&lt;3"
1,#BangBangBirdGang ya bitch you!!! 56 -fruit loop
2,#2013Faves RT &#8220;@grahamorama: #Snoop and #Justin are having so much fun at this Charlie Wilson tribute #BETAwards https://t.co/C6NHwUBlXN&#8221;
1,"""I'm probably your main bitch chocolate dipped cinnamon apple"""
2,"""I found a new way to chug you have to open your mouth alot"" #shitallysays"
1,"""@witmyRUDEass: When a bitch don't want a real job they just become strippers lol"" lol."
1,"""That girl is plain looking borderline ugly &amp; chunky"". Hey at least she's got a nice smile &amp; a great personality."
2,#iubb #1 suiting up again tonight! #Indiana #IU #ncaa #hoosierdaddy #HoosierNation #hoosiers
1,"""@BrosConfessions: This bitch was so ungrateful http://t.co/06e77bGwbx"" fr ..... LULWHORE"
1,&#128064; bitches giving back rubs ?
1,"""riding with my bros still don't trust these hoes"""
1,"""I dont have hoes"" &#128564;"
1,"#porn,#android,#iphone,#ipad,#sex,#xxx, | #Lesbian | Lesbian girl eating pussy http://t.co/Ht9szL3b24"
1,"""@PoemsPorn: Quote this tweet with your favorite animal.""pussy"
